{
  "metrics": {
    "accuracy": 0.847,
    "precision": 0.5694444444444444,
    "recall": 0.6485557083906465,
    "f1": 0.6064308681672026,
    "roc_auc": 0.8848780884490712,
    "pr_auc": 0.6377470770655882,
    "threshold": 0.7,
    "business_value": 130370.0
  },
  "confusion_matrix": [
    [
      5833,
      713
    ],
    [
      511,
      943
    ]
  ],
  "business_breakdown": {
    "tn": 5833.0,
    "fp": 713.0,
    "fn": 511.0,
    "tp": 943.0,
    "business_value": 130370.0
  },
  "threshold_analysis_csv": "results\\threshold_analysis.csv"
}