Type,Name,Request Count,Failure Count,Median Response Time,Average Response Time,Min Response Time,Max Response Time,Average Content Size,Requests/s,Failures/s,50%,66%,75%,80%,90%,95%,98%,99%,99.9%,99.99%,100%
GET,GET /,3726,3726,1,1.9889711682759748,0.7110579999789479,159.91437399998176,0.0,12.4391864151847,12.4391864151847,1,1,2,2,2,4,7,11,120,160,160
GET,GET /health,2147,2147,1,1.8680487298560584,0.7476470000256086,106.29518899986579,0.0,7.16772228486354,7.16772228486354,1,1,2,2,2,4,7,11,42,110,110
GET,GET /monitor,396,396,1,2.314491424228454,0.7519050000155403,167.54760100002386,0.0,1.3220391359133499,1.3220391359133499,1,1,2,2,2,4,7,10,170,170,170
POST,POST /predict,770,770,1,2.314010074029024,0.8040620000429044,122.05592700001944,0.0,2.5706316531648468,2.5706316531648468,1,2,2,2,2,5,8,18,120,120,120
POST,POST /predict/batch,358,358,1,1.7098967178733486,0.8062150000114343,27.78455399993618,0.0,1.1951767945883314,1.1951767945883314,1,1,2,2,2,3,5,10,28,28,28
,Aggregated,7397,7397,1,1.9916285767193072,0.7110579999789479,167.54760100002386,0.0,24.694756283714767,24.694756283714767,1,1,2,2,2,4,7,11,96,170,170
