roc_auc,precision,recall,f1,model
0.8762545318033493,0.4502923976608187,0.7938144329896907,0.5746268656716418,logistic_regression
0.8662261530666624,0.555921052631579,0.5807560137457045,0.5680672268907563,random_forest
