threshold,accuracy,precision,recall,f1,business_value
0.5,0.913625,0.8813607775871927,0.9178326883000893,0.8992270672305673,584850.0
0.6,0.913875,0.9047907822922984,0.8883596308425127,0.8964999248910921,556160.0
0.4,0.9065,0.8519816662173092,0.94075617743376,0.8941709111488398,606610.0
0.7,0.90675,0.9265426052889324,0.8448943137838643,0.883836810962317,513250.0
0.3,0.893625,0.8184357541899442,0.9595117594522179,0.8833767301630807,623850.0
0.8,0.891,0.9439485897893609,0.7871390294730575,0.8584415584415584,455730.0
